YEAR;Effect
2005;0.023793591
2006;-0.019273908
2007;-0.036315213
2008;-0.015436554
2009;-0.006274706
2010;-0.000474912
2011;-0.002099464
2012;-0.000364172
2013;-0.014729078
2014;0.003484427
2015;0.014952204
2016;0.017928067
2017;0.017752953
2018;0.017056765
